Workbook

Sheet Promo Calendar
A1: Retailer | B1: Account | C1: 프로모션명 | D1: 시작일 | E1: 종료일 | F1: 일수 | G1: SKU | H1: MSRP | I1: P1 | J1: P2 | K1: 행사가 (promo price) | L1: 합계 : Qty | M1: 합계 : 거래액 | N1: 합계 : GS | O1: 합계 : NS | P1: Category | Q1: Sub Category | R1: Promo Type | S1: NPD Flag | T1: ActQty | U1: Actual 거래액
A2: =_xlfn.XLOOKUP(B2,Mapping!C:C,Mapping!D:D) -> Costco | B2: Costco | C2: Cyber Monday | D2: 46174 | E2: 46187 | F2: =IF(D2="","",E2-D2+1) -> 14 | G2: BN750KR | I2: 179000 | J2: 179000 | K2: 159000 | L2: 900 | M2: 143100000 | N2: 128880000 | O2: 120502800 | P2: =_xlfn.XLOOKUP(G2,'[1](ST)Product'!$C:$C,'[1](ST)Product'!$E:$E) -> Ninja Motorized | Q2: =_xlfn.XLOOKUP(G2,'[1](ST)Product'!$C:$C,'[1](ST)Product'!$F:$F) -> Trad | R2: Planned | S2: N
A3: =_xlfn.XLOOKUP(B3,Mapping!C:C,Mapping!D:D) -> Coupang | B3: Coupang | C3: 골드박스 | D3: 46174 | E3: 46203 | F3: =IF(D3="","",E3-D3+1) -> 30 | G3: BR201KR | H3: 199900 | I3: 129900 | J3: 129900 | K3: 129900 | L3: 104 | M3: 13509600 | N3: 9579534.5 | O3: 9100557.8 | P3: =_xlfn.XLOOKUP(G3,'[1](ST)Product'!$C:$C,'[1](ST)Product'!$E:$E) -> Ninja Motorized | Q3: =_xlfn.XLOOKUP(G3,'[1](ST)Product'!$C:$C,'[1](ST)Product'!$F:$F) -> Trad | R3: Planned | S3: N
A4: =_xlfn.XLOOKUP(B4,Mapping!C:C,Mapping!D:D) -> Coupang | B4: Coupang | C4: 골드박스 | D4: 46174 | E4: 46203 | F4: =IF(D4="","",E4-D4+1) -> 30 | G4: CS151KRGDAE | H4: 599000 | I4: 399900 | J4: 399900 | K4: 399900 | L4: 200 | M4: 79980000 | N4: 77404909 | O4: 73534664 | P4: =_xlfn.XLOOKUP(G4,'[1](ST)Product'!$C:$C,'[1](ST)Product'!$E:$E) -> Shark Floorcare | Q4: =_xlfn.XLOOKUP(G4,'[1](ST)Product'!$C:$C,'[1](ST)Product'!$F:$F) -> CS | R4: Planned | S4: N
A5: =_xlfn.XLOOKUP(B5,Mapping!C:C,Mapping!D:D) -> Coupang | B5: Coupang | C5: 골드박스 | D5: 46174 | E5: 46203 | F5: =IF(D5="","",E5-D5+1) -> 30 | G5: FN100KRGN1 | H5: 249900 | I5: 219900 | J5: 199900 | K5: 219900 | L5: 0 | M5: 0 | N5: 0 | O5: 0 | P5: =_xlfn.XLOOKUP(G5,'[1](ST)Product'!$C:$C,'[1](ST)Product'!$E:$E) -> Ninja Heated | Q5: =_xlfn.XLOOKUP(G5,'[1](ST)Product'!$C:$C,'[1](ST)Product'!$F:$F) -> Crispi | R5: Planned | S5: Y
A6: =_xlfn.XLOOKUP(B6,Mapping!C:C,Mapping!D:D) -> Coupang | B6: Coupang | C6: 골드박스 | D6: 46174 | E6: 46203 | F6: =IF(D6="","",E6-D6+1) -> 30 | G6: FN100KRGY1 | H6: 249900 | I6: 219900 | J6: 199900 | K6: 219900 | L6: 0 | M6: 0 | N6: 0 | O6: 0 | P6: =_xlfn.XLOOKUP(G6,'[1](ST)Product'!$C:$C,'[1](ST)Product'!$E:$E) -> Ninja Heated | Q6: =_xlfn.XLOOKUP(G6,'[1](ST)Product'!$C:$C,'[1](ST)Product'!$F:$F) -> Crispi | R6: Planned | S6: Y
A7: =_xlfn.XLOOKUP(B7,Mapping!C:C,Mapping!D:D) -> Coupang | B7: Coupang | C7: 골드박스 | D7: 46174 | E7: 46203 | F7: =IF(D7="","",E7-D7+1) -> 30 | G7: FN100KRWH | H7: 249900 | I7: 219900 | J7: 199900 | K7: 219900 | L7: 0 | M7: 0 | N7: 0 | O7: 0 | P7: =_xlfn.XLOOKUP(G7,'[1](ST)Product'!$C:$C,'[1](ST)Product'!$E:$E) -> Ninja Heated | Q7: =_xlfn.XLOOKUP(G7,'[1](ST)Product'!$C:$C,'[1](ST)Product'!$F:$F) -> Crispi | R7: Planned | S7: Y
A8: =_xlfn.XLOOKUP(B8,Mapping!C:C,Mapping!D:D) -> Coupang | B8: Coupang | C8: 골드박스 | D8: 46174 | E8: 46203 | F8: =IF(D8="","",E8-D8+1) -> 30 | G8: FS301KR | H8: 449900 | I8: 379900 | J8: 349900 | K8: 379900 | L8: 0 | M8: 0 | N8: 0 | O8: 0 | P8: =_xlfn.XLOOKUP(G8,'[1](ST)Product'!$C:$C,'[1](ST)Product'!$E:$E) -> Ninja Motorized | Q8: =_xlfn.XLOOKUP(G8,'[1](ST)Product'!$C:$C,'[1](ST)Product'!$F:$F) -> Icecream | R8: Planned | S8: Y
A9: =_xlfn.XLOOKUP(B9,Mapping!C:C,Mapping!D:D) -> Coupang | B9: Coupang | C9: 골드박스 | D9: 46174 | E9: 46203 | F9: =IF(D9="","",E9-D9+1) -> 30 | G9: HD434SLKR | H9: 299900 | I9: 279900 | J9: 249900 | K9: 279900 | L9: 60 | M9: 16794000 | N9: 11908473 | O9: 11313049 | P9: =_xlfn.XLOOKUP(G9,'[1](ST)Product'!$C:$C,'[1](ST)Product'!$E:$E) -> Shark Personal Care | Q9: =_xlfn.XLOOKUP(G9,'[1](ST)Product'!$C:$C,'[1](ST)Product'!$F:$F) -> Flex | R9: Planned | S9: N
A10: =_xlfn.XLOOKUP(B10,Mapping!C:C,Mapping!D:D) -> Coupang | B10: Coupang | C10: 골드박스 | D10: 46174 | E10: 46203 | F10: =IF(D10="","",E10-D10+1) -> 30 | G10: IW4271KRCP | H10: 899000 | I10: 849000 | J10: 799000 | K10: 849000 | L10: 150 | M10: 127350000 | N10: 90302727 | O10: 85787591 | P10: =_xlfn.XLOOKUP(G10,'[1](ST)Product'!$C:$C,'[1](ST)Product'!$E:$E) -> Shark Floorcare | Q10: =_xlfn.XLOOKUP(G10,'[1](ST)Product'!$C:$C,'[1](ST)Product'!$F:$F) -> Kion | R10: Planned | S10: N
A11: =_xlfn.XLOOKUP(B11,Mapping!C:C,Mapping!D:D) -> Coupang | B11: Coupang | C11: 골드박스 | D11: 46174 | E11: 46203 | F11: =IF(D11="","",E11-D11+1) -> 30 | G11: IW5271KRWH | H11: 949000 | I11: 879000 | J11: 849000 | K11: 879000 | L11: 0 | M11: 0 | N11: 0 | O11: 0 | P11: =_xlfn.XLOOKUP(G11,'[1](ST)Product'!$C:$C,'[1](ST)Product'!$E:$E) -> Shark Floorcare | Q11: =_xlfn.XLOOKUP(G11,'[1](ST)Product'!$C:$C,'[1](ST)Product'!$F:$F) -> Kion | R11: Planned | S11: Y
A12: =_xlfn.XLOOKUP(B12,Mapping!C:C,Mapping!D:D) -> Coupang | B12: Coupang | C12: 골드박스 | D12: 46174 | E12: 46203 | F12: =IF(D12="","",E12-D12+1) -> 30 | G12: LC701KRBK | H12: 899000 | I12: 779000 | J12: 779000 | K12: 779000 | L12: 0 | M12: 0 | N12: 0 | O12: 0 | P12: =_xlfn.XLOOKUP(G12,'[1](ST)Product'!$C:$C,'[1](ST)Product'!$E:$E) -> Shark Floorcare | Q12: =_xlfn.XLOOKUP(G12,'[1](ST)Product'!$C:$C,'[1](ST)Product'!$F:$F) -> FW | R12: Planned | S12: N
A13: =_xlfn.XLOOKUP(B13,Mapping!C:C,Mapping!D:D) -> Coupang | B13: Coupang | C13: 골드박스 | D13: 46174 | E13: 46203 | F13: =IF(D13="","",E13-D13+1) -> 30 | G13: LC751KRLV | H13: 899000 | I13: 849000 | J13: 799000 | K13: 849000 | L13: 500 | M13: 424500000 | N13: 3.1873636e+08 | O13: 3.0279955e+08 | P13: =_xlfn.XLOOKUP(G13,'[1](ST)Product'!$C:$C,'[1](ST)Product'!$E:$E) -> Shark Floorcare | Q13: =_xlfn.XLOOKUP(G13,'[1](ST)Product'!$C:$C,'[1](ST)Product'!$F:$F) -> FW | R13: Planned | S13: N
A14: =_xlfn.XLOOKUP(B14,Mapping!C:C,Mapping!D:D) -> Coupang | B14: Coupang | C14: 골드박스 | D14: 46174 | E14: 46203 | F14: =IF(D14="","",E14-D14+1) -> 30 | G14: QX201KR | H14: 329900 | I14: 299900 | J14: 279900 | K14: 299900 | L14: 100 | M14: 29990000 | N14: 23392909 | O14: 22223264 | P14: =_xlfn.XLOOKUP(G14,'[1](ST)Product'!$C:$C,'[1](ST)Product'!$E:$E) -> Ninja Motorized | Q14: =_xlfn.XLOOKUP(G14,'[1](ST)Product'!$C:$C,'[1](ST)Product'!$F:$F) -> Trad | R14: Planned | S14: N
... A32: =_xlfn.XLOOKUP(B32,Mapping!C:C,Mapping!D:D) -> Coupang | B32: Coupang | C32: 골드박스 | D32: 46174 | E32: 46203 | F32: =IF(D32="","",E32-D32+1) -> 30 | G32: HD434BRKR | H32: 299900 | I32: 279900 | J32: 249900 | K32: 279900 | L32: 35 | M32: 9796500 | N32: 6946609.1 | O32: 6599278.6 | P32: =_xlfn.XLOOKUP(G32,'[1](ST)Product'!$C:$C,'[1](ST)Product'!$E:$E) -> Shark Personal Care | Q32: =_xlfn.XLOOKUP(G32,'[1](ST)Product'!$C:$C,'[1](ST)Product'!$F:$F) -> Flex | R32: Planned | S32: N
A33: =_xlfn.XLOOKUP(B33,Mapping!C:C,Mapping!D:D) -> Coupang | B33: Coupang | C33: 골드박스 | D33: 46174 | E33: 46203 | F33: =IF(D33="","",E33-D33+1) -> 30 | G33: BU3521KR | H33: Phased-out | I33: 499000 | J33: 499000 | K33: 499000 | L33: 0 | M33: 0 | N33: 0 | O33: 0 | P33: =_xlfn.XLOOKUP(G33,'[1](ST)Product'!$C:$C,'[1](ST)Product'!$E:$E) -> Shark Floorcare | Q33: =_xlfn.XLOOKUP(G33,'[1](ST)Product'!$C:$C,'[1](ST)Product'!$F:$F) -> Kion | R33: Planned | S33: N
A34: =_xlfn.XLOOKUP(B34,Mapping!C:C,Mapping!D:D) -> Coupang | B34: Coupang | C34: 골드박스 | D34: 46174 | E34: 46203 | F34: =IF(D34="","",E34-D34+1) -> 30 | G34: IW4271KRBK | H34: 899000 | I34: 849000 | J34: 799000 | K34: 849000 | L34: 0 | M34: 0 | N34: 0 | O34: 0 | P34: =_xlfn.XLOOKUP(G34,'[1](ST)Product'!$C:$C,'[1](ST)Product'!$E:$E) -> Shark Floorcare | Q34: =_xlfn.XLOOKUP(G34,'[1](ST)Product'!$C:$C,'[1](ST)Product'!$F:$F) -> Kion | R34: Planned | S34: N
A35: =_xlfn.XLOOKUP(B35,Mapping!C:C,Mapping!D:D) -> Coupang | B35: Coupang | C35: 골드박스 | D35: 46174 | E35: 46203 | F35: =IF(D35="","",E35-D35+1) -> 30 | G35: CI1001KR | H35: 119900 | I35: 109900 | J35: 99900 | K35: 109900 | L35: 30 | M35: 3297000 | N35: 2337872.7 | O35: 2220979.1 | P35: =_xlfn.XLOOKUP(G35,'[1](ST)Product'!$C:$C,'[1](ST)Product'!$E:$E) -> Ninja Motorized | Q35: =_xlfn.XLOOKUP(G35,'[1](ST)Product'!$C:$C,'[1](ST)Product'!$F:$F) -> Hand | R35: Planned | S35: N
A36: =_xlfn.XLOOKUP(B36,Mapping!C:C,Mapping!D:D) -> Coupang | B36: Coupang | C36: 골드박스 | D36: 46174 | E36: 46203 | F36: =IF(D36="","",E36-D36+1) -> 30 | G36: CI100KR | H36: 199900 | I36: 179900 | J36: 159900 | K36: 179900 | L36: 11 | M36: 1978900 | N36: 1403220 | O36: 1333059 | P36: =_xlfn.XLOOKUP(G36,'[1](ST)Product'!$C:$C,'[1](ST)Product'!$E:$E) -> Ninja Motorized | Q36: =_xlfn.XLOOKUP(G36,'[1](ST)Product'!$C:$C,'[1](ST)Product'!$F:$F) -> Hand | R36: Planned | S36: N
A37: =_xlfn.XLOOKUP(B37,Mapping!C:C,Mapping!D:D) -> Coupang | B37: Coupang | C37: 골드박스 | D37: 46174 | E37: 46203 | F37: =IF(D37="","",E37-D37+1) -> 30 | G37: DB351KRSD | H37: 249900 | I37: 229900 | J37: 199900 | K37: 229900 | L37: 0 | M37: 0 | N37: 0 | O37: 0 | P37: =_xlfn.XLOOKUP(G37,'[1](ST)Product'!$C:$C,'[1](ST)Product'!$E:$E) -> Ninja Motorized | Q37: =_xlfn.XLOOKUP(G37,'[1](ST)Product'!$C:$C,'[1](ST)Product'!$F:$F) -> Portable | R37: Planned | S37: Y
A38: =_xlfn.XLOOKUP(B38,Mapping!C:C,Mapping!D:D) -> Coupang | B38: Coupang | C38: 골드박스 | D38: 46174 | E38: 46203 | F38: =IF(D38="","",E38-D38+1) -> 30 | G38: IW5271KRBK | H38: 949000 | I38: 879000 | J38: 849000 | K38: 879000 | L38: 0 | M38: 0 | N38: 0 | O38: 0 | P38: =_xlfn.XLOOKUP(G38,'[1](ST)Product'!$C:$C,'[1](ST)Product'!$E:$E) -> #N/A | Q38: =_xlfn.XLOOKUP(G38,'[1](ST)Product'!$C:$C,'[1](ST)Product'!$F:$F) -> #N/A | R38: Planned | S38: N
A39: =_xlfn.XLOOKUP(B39,Mapping!C:C,Mapping!D:D) -> Coupang | B39: Coupang | C39: 골드박스 | D39: 46174 | E39: 46203 | F39: =IF(D39="","",E39-D39+1) -> 30 | G39: CS150KRAE | H39: 549000 | I39: 399900 | J39: 379900 | K39: 399900 | L39: 0 | M39: 0 | N39: 0 | O39: 0 | P39: =_xlfn.XLOOKUP(G39,'[1](ST)Product'!$C:$C,'[1](ST)Product'!$E:$E) -> Shark Floorcare | Q39: =_xlfn.XLOOKUP(G39,'[1](ST)Product'!$C:$C,'[1](ST)Product'!$F:$F) -> CS | R39: Planned | S39: N
A40: =_xlfn.XLOOKUP(B40,Mapping!C:C,Mapping!D:D) -> Coupang | B40: Coupang | C40: 골드박스 | D40: 46174 | E40: 46203 | F40: =IF(D40="","",E40-D40+1) -> 30 | G40: LC152KRIV | H40: 699000 | I40: 499000 | J40: 499000 | K40: 699000 | L40: 0 | M40: 0 | N40: 0 | O40: 0 | P40: =_xlfn.XLOOKUP(G40,'[1](ST)Product'!$C:$C,'[1](ST)Product'!$E:$E) -> Shark Floorcare | Q40: =_xlfn.XLOOKUP(G40,'[1](ST)Product'!$C:$C,'[1](ST)Product'!$F:$F) -> FW | R40: Planned | S40: Y
A41: =_xlfn.XLOOKUP(B41,Mapping!C:C,Mapping!D:D) -> Coupang | B41: Coupang | C41: 골드박스 | D41: 46174 | E41: 46203 | F41: =IF(D41="","",E41-D41+1) -> 30 | G41: LC156KR | H41: 699000 | I41: 519000 | J41: 519000 | K41: 699000 | L41: 0 | M41: 0 | N41: 0 | O41: 0 | P41: =_xlfn.XLOOKUP(G41,'[1](ST)Product'!$C:$C,'[1](ST)Product'!$E:$E) -> #N/A | Q41: =_xlfn.XLOOKUP(G41,'[1](ST)Product'!$C:$C,'[1](ST)Product'!$F:$F) -> #N/A | R41: Planned | S41: Y
A42: =_xlfn.XLOOKUP(B42,Mapping!C:C,Mapping!D:D) -> Coupang | B42: Coupang | C42: 골드박스 | D42: 46174 | E42: 46203 | F42: =IF(D42="","",E42-D42+1) -> 30 | G42: LC951KRSN | H42: 949000 | I42: 879000 | J42: 849000 | K42: 879000 | L42: 0 | M42: 0 | N42: 0 | O42: 0 | P42: =_xlfn.XLOOKUP(G42,'[1](ST)Product'!$C:$C,'[1](ST)Product'!$E:$E) -> #N/A | Q42: =_xlfn.XLOOKUP(G42,'[1](ST)Product'!$C:$C,'[1](ST)Product'!$F:$F) -> #N/A | R42: Planned | S42: Y
A43: =_xlfn.XLOOKUP(B43,Mapping!C:C,Mapping!D:D) -> Coupang | B43: Coupang | C43: 골드박스 | D43: 46174 | E43: 46203 | F43: =IF(D43="","",E43-D43+1) -> 30 | G43: BU3641KR | H43: 699000 | I43: 499000 | J43: 499000 | K43: 499000 | L43: 0 | M43: 0 | N43: 0 | O43: 0 | P43: =_xlfn.XLOOKUP(G43,'[1](ST)Product'!$C:$C,'[1](ST)Product'!$E:$E) -> Shark Floorcare | Q43: =_xlfn.XLOOKUP(G43,'[1](ST)Product'!$C:$C,'[1](ST)Product'!$F:$F) -> Kion | R43: Planned | S43: Y
A44: =_xlfn.XLOOKUP(B44,Mapping!C:C,Mapping!D:D) -> Coupang | B44: Coupang | C44: 골드박스 | D44: 46174 | E44: 46203 | F44: =IF(D44="","",E44-D44+1) -> 30 | G44: IW3145KR | H44: 799000 | I44: 699000 | J44: 649000 | K44: 699000 | L44: 0 | M44: 0 | N44: 0 | O44: 0 | P44: =_xlfn.XLOOKUP(G44,'[1](ST)Product'!$C:$C,'[1](ST)Product'!$E:$E) -> #N/A | Q44: =_xlfn.XLOOKUP(G44,'[1](ST)Product'!$C:$C,'[1](ST)Product'!$F:$F) -> #N/A | R44: Planned | S44: N
A45: =_xlfn.XLOOKUP(B45,Mapping!C:C,Mapping!D:D) -> Coupang | B45: Coupang | C45: 골드박스 | D45: 46174 | E45: 46203 | F45: =IF(D45="","",E45-D45+1) -> 30 | G45: IW3241KRBK | H45: 849000 | I45: 749000 | J45: 699000 | K45: 749000 | L45: 0 | M45: 0 | N45: 0 | O45: 0 | P45: =_xlfn.XLOOKUP(G45,'[1](ST)Product'!$C:$C,'[1](ST)Product'!$E:$E) -> Shark Floorcare | Q45: =_xlfn.XLOOKUP(G45,'[1](ST)Product'!$C:$C,'[1](ST)Product'!$F:$F) -> Kion | R45: Planned | S45: N
... A53: =_xlfn.XLOOKUP(B53,Mapping!C:C,Mapping!D:D) -> Coupang | B53: Coupang | C53: 골드박스 | D53: 46174 | E53: 46203 | F53: =IF(D53="","",E53-D53+1) -> 30 | G53: DB351KRBL | H53: 249900 | I53: 229900 | J53: 199900 | K53: 229900 | L53: 0 | M53: 0 | N53: 0 | O53: 0 | P53: =_xlfn.XLOOKUP(G53,'[1](ST)Product'!$C:$C,'[1](ST)Product'!$E:$E) -> Ninja Motorized | Q53: =_xlfn.XLOOKUP(G53,'[1](ST)Product'!$C:$C,'[1](ST)Product'!$F:$F) -> Portable | R53: Planned | S53: Y
A54: =_xlfn.XLOOKUP(B54,Mapping!C:C,Mapping!D:D) -> Coupang | B54: Coupang | C54: 골드박스 | D54: 46174 | E54: 46203 | F54: =IF(D54="","",E54-D54+1) -> 30 | G54: CB151KR | H54: Phased-out | I54: 169900 | J54: 149900 | K54: 169900 | L54: 500 | M54: 84950000 | N54: 70873636 | O54: 67329955 | P54: =_xlfn.XLOOKUP(G54,'[1](ST)Product'!$C:$C,'[1](ST)Product'!$E:$E) -> Ninja Motorized | Q54: =_xlfn.XLOOKUP(G54,'[1](ST)Product'!$C:$C,'[1](ST)Product'!$F:$F) -> Trad | R54: Planned | S54: N
A55: =_xlfn.XLOOKUP(B55,Mapping!C:C,Mapping!D:D) -> Coupang | B55: Coupang | C55: 골드박스 | D55: 46174 | E55: 46203 | F55: =IF(D55="","",E55-D55+1) -> 30 | G55: CB350KR | H55: Phased-out | I55: 219900 | J55: 199900 | K55: 219900 | L55: 0 | M55: 0 | N55: 0 | O55: 0 | P55: =_xlfn.XLOOKUP(G55,'[1](ST)Product'!$C:$C,'[1](ST)Product'!$E:$E) -> Ninja Motorized | Q55: =_xlfn.XLOOKUP(G55,'[1](ST)Product'!$C:$C,'[1](ST)Product'!$F:$F) -> Trad | R55: Planned | S55: N
A56: =_xlfn.XLOOKUP(B56,Mapping!C:C,Mapping!D:D) -> Coupang | B56: Coupang | C56: 골드박스 | D56: 46174 | E56: 46203 | F56: =IF(D56="","",E56-D56+1) -> 30 | G56: BL642KR | H56: Phased-out | I56: 224900 | J56: 199900 | K56: 224900 | L56: -1 | M56: -224900 | N56: -159474.55 | O56: -151500.82 | P56: =_xlfn.XLOOKUP(G56,'[1](ST)Product'!$C:$C,'[1](ST)Product'!$E:$E) -> Ninja Motorized | Q56: =_xlfn.XLOOKUP(G56,'[1](ST)Product'!$C:$C,'[1](ST)Product'!$F:$F) -> Trad | R56: Planned | S56: N
A57: =_xlfn.XLOOKUP(B57,Mapping!C:C,Mapping!D:D) -> Coupang | B57: Coupang | C57: 골드박스 | D57: 46174 | E57: 46203 | F57: =IF(D57="","",E57-D57+1) -> 30 | G57: TB301KR | H57: Phased-out | I57: 249900 | J57: 229900 | K57: 249900 | L57: 50 | M57: 12495000 | N57: 10632818 | O57: 10101177 | P57: =_xlfn.XLOOKUP(G57,'[1](ST)Product'!$C:$C,'[1](ST)Product'!$E:$E) -> Ninja Motorized | Q57: =_xlfn.XLOOKUP(G57,'[1](ST)Product'!$C:$C,'[1](ST)Product'!$F:$F) -> Trad | R57: Planned | S57: N
A58: =_xlfn.XLOOKUP(B58,Mapping!C:C,Mapping!D:D) -> Coupang | B58: Coupang | C58: 골드박스 | D58: 46174 | E58: 46203 | F58: =IF(D58="","",E58-D58+1) -> 30 | G58: BL682KR | H58: Phased-out | I58: 289900 | J58: 249900 | K58: 289900 | L58: 0 | M58: 0 | N58: 0 | O58: 0 | P58: =_xlfn.XLOOKUP(G58,'[1](ST)Product'!$C:$C,'[1](ST)Product'!$E:$E) -> Ninja Motorized | Q58: =_xlfn.XLOOKUP(G58,'[1](ST)Product'!$C:$C,'[1](ST)Product'!$F:$F) -> Kitchen | R58: Planned | S58: N
A59: =_xlfn.XLOOKUP(B59,Mapping!C:C,Mapping!D:D) -> Coupang | B59: Coupang | C59: 골드박스 | D59: 46174 | E59: 46203 | F59: =IF(D59="","",E59-D59+1) -> 30 | G59: CI1000KR | H59: 139900 | I59: 129900 | J59: 119900 | K59: 129900 | L59: 0 | M59: 0 | N59: 0 | O59: 0 | P59: =_xlfn.XLOOKUP(G59,'[1](ST)Product'!$C:$C,'[1](ST)Product'!$E:$E) -> Ninja Motorized | Q59: =_xlfn.XLOOKUP(G59,'[1](ST)Product'!$C:$C,'[1](ST)Product'!$F:$F) -> Hand | R59: Planned | S59: N
A60: =_xlfn.XLOOKUP(B60,Mapping!C:C,Mapping!D:D) -> Coupang | B60: Coupang | C60: 골드박스 | D60: 46174 | E60: 46203 | F60: =IF(D60="","",E60-D60+1) -> 30 | G60: FN090KR | H60: 229900 | I60: 189900 | J60: 189900 | K60: 189900 | L60: 0 | M60: 0 | N60: 0 | O60: 0 | P60: =_xlfn.XLOOKUP(G60,'[1](ST)Product'!$C:$C,'[1](ST)Product'!$E:$E) -> Ninja Heated | Q60: =_xlfn.XLOOKUP(G60,'[1](ST)Product'!$C:$C,'[1](ST)Product'!$F:$F) -> Crispi | R60: Planned | S60: Y
A61: =_xlfn.XLOOKUP(B61,Mapping!C:C,Mapping!D:D) -> Coupang | B61: Coupang | C61: 골드박스 | D61: 46174 | E61: 46203 | F61: =IF(D61="","",E61-D61+1) -> 30 | G61: FN100KRSD1 | H61: 249900 | I61: 219900 | J61: 199900 | K61: 219900 | L61: 0 | M61: 0 | N61: 0 | O61: 0 | P61: =_xlfn.XLOOKUP(G61,'[1](ST)Product'!$C:$C,'[1](ST)Product'!$E:$E) -> Ninja Heated | Q61: =_xlfn.XLOOKUP(G61,'[1](ST)Product'!$C:$C,'[1](ST)Product'!$F:$F) -> Crispi | R61: Planned | S61: Y
A62: =_xlfn.XLOOKUP(B62,Mapping!C:C,Mapping!D:D) -> Coupang | B62: Coupang | C62: 골드박스 | D62: 46174 | E62: 46203 | F62: =IF(D62="","",E62-D62+1) -> 30 | G62: FN091KRND | H62: 249900 | I62: 209900 | J62: 189900 | K62: 209900 | L62: 0 | M62: 0 | N62: 0 | O62: 0 | P62: =_xlfn.XLOOKUP(G62,'[1](ST)Product'!$C:$C,'[1](ST)Product'!$E:$E) -> #N/A | Q62: =_xlfn.XLOOKUP(G62,'[1](ST)Product'!$C:$C,'[1](ST)Product'!$F:$F) -> #N/A | R62: Planned | S62: Y
A63: =_xlfn.XLOOKUP(B63,Mapping!C:C,Mapping!D:D) -> Coupang | B63: Coupang | C63: 골드박스 | D63: 46174 | E63: 46203 | F63: =IF(D63="","",E63-D63+1) -> 30 | G63: MC1101KRBK | H63: 199900 | I63: 179900 | J63: 159900 | K63: 179900 | L63: 0 | M63: 0 | N63: 0 | O63: 0 | P63: =_xlfn.XLOOKUP(G63,'[1](ST)Product'!$C:$C,'[1](ST)Product'!$E:$E) -> Ninja Heated | Q63: =_xlfn.XLOOKUP(G63,'[1](ST)Product'!$C:$C,'[1](ST)Product'!$F:$F) -> Multi Cooker | R63: Planned | S63: Y
A64: =_xlfn.XLOOKUP(B64,Mapping!C:C,Mapping!D:D) -> Coupang | B64: Coupang | C64: 골드박스 | D64: 46174 | E64: 46203 | F64: =IF(D64="","",E64-D64+1) -> 30 | G64: MC1105KRIV1 | H64: 199900 | I64: 179900 | J64: 159900 | K64: 179900 | L64: 0 | M64: 0 | N64: 0 | O64: 0 | P64: =_xlfn.XLOOKUP(G64,'[1](ST)Product'!$C:$C,'[1](ST)Product'!$E:$E) -> Ninja Heated | Q64: =_xlfn.XLOOKUP(G64,'[1](ST)Product'!$C:$C,'[1](ST)Product'!$F:$F) -> Multi Cooker | R64: Planned | S64: Y
A65: =_xlfn.XLOOKUP(B65,Mapping!C:C,Mapping!D:D) -> Coupang | B65: Coupang | C65: 골드박스 | D65: 46174 | E65: 46203 | F65: =IF(D65="","",E65-D65+1) -> 30 | G65: AS100KRLG | H65: 399900 | I65: 369900 | J65: 349900 | K65: 369900 | L65: 0 | M65: 0 | N65: 0 | O65: 0 | P65: =_xlfn.XLOOKUP(G65,'[1](ST)Product'!$C:$C,'[1](ST)Product'!$E:$E) -> #N/A | Q65: =_xlfn.XLOOKUP(G65,'[1](ST)Product'!$C:$C,'[1](ST)Product'!$F:$F) -> #N/A | R65: Planned | S65: N
A66: =_xlfn.XLOOKUP(B66,Mapping!C:C,Mapping!D:D) -> Dept Store | B66: Dept | C66: 0 | D66: 46174 | E66: 46180 | F66: =IF(D66="","",E66-D66+1) -> 7 | G66: BC151KRWH | H66: 119900 | I66: 99900 | J66: 84900 | K66: 119900 | L66: 5 | M66: 599500 | N66: 545000 | O66: 395125 | P66: =_xlfn.XLOOKUP(G66,'[1](ST)Product'!$C:$C,'[1](ST)Product'!$E:$E) -> Ninja Motorized | Q66: =_xlfn.XLOOKUP(G66,'[1](ST)Product'!$C:$C,'[1](ST)Product'!$F:$F) -> Portable | R66: Planned | S66: N
A67: =_xlfn.XLOOKUP(B67,Mapping!C:C,Mapping!D:D) -> Dept Store | B67: Dept | C67: 0 | D67: 46174 | E67: 46180 | F67: =IF(D67="","",E67-D67+1) -> 7 | G67: FN100KRGY1 | H67: 249900 | I67: 219900 | J67: 199900 | K67: 219900 | L67: 10 | M67: 2199000 | N67: 2271818.2 | O67: 1647068.2 | P67: =_xlfn.XLOOKUP(G67,'[1](ST)Product'!$C:$C,'[1](ST)Product'!$E:$E) -> Ninja Heated | Q67: =_xlfn.XLOOKUP(G67,'[1](ST)Product'!$C:$C,'[1](ST)Product'!$F:$F) -> Crispi | R67: Planned | S67: Y
A68: =_xlfn.XLOOKUP(B68,Mapping!C:C,Mapping!D:D) -> Dept Store | B68: Dept | C68: 0 | D68: 46174 | E68: 46180 | F68: =IF(D68="","",E68-D68+1) -> 7 | G68: FN100KRWH | H68: 249900 | I68: 219900 | J68: 199900 | K68: 219900 | L68: 10 | M68: 2199000 | N68: 2271818.2 | O68: 1647068.2 | P68: =_xlfn.XLOOKUP(G68,'[1](ST)Product'!$C:$C,'[1](ST)Product'!$E:$E) -> Ninja Heated | Q68: =_xlfn.XLOOKUP(G68,'[1](ST)Product'!$C:$C,'[1](ST)Product'!$F:$F) -> Crispi | R68: Planned | S68: Y
A69: =_xlfn.XLOOKUP(B69,Mapping!C:C,Mapping!D:D) -> Dept Store | B69: Dept | C69: 0 | D69: 46174 | E69: 46180 | F69: =IF(D69="","",E69-D69+1) -> 7 | G69: LC701KRBK | H69: 899000 | I69: 779000 | J69: 779000 | K69: 899000 | L69: 5 | M69: 4495000 | N69: 4086363.6 | O69: 2962613.6 | P69: =_xlfn.XLOOKUP(G69,'[1](ST)Product'!$C:$C,'[1](ST)Product'!$E:$E) -> Shark Floorcare | Q69: =_xlfn.XLOOKUP(G69,'[1](ST)Product'!$C:$C,'[1](ST)Product'!$F:$F) -> FW | R69: Planned | S69: N
A70: =_xlfn.XLOOKUP(B70,Mapping!C:C,Mapping!D:D) -> Dept Store | B70: Dept | C70: 0 | D70: 46174 | E70: 46180 | F70: =IF(D70="","",E70-D70+1) -> 7 | G70: LC751KRLV | H70: 899000 | I70: 849000 | J70: 799000 | K70: 849000 | L70: 100 | M70: 84900000 | N70: 81727273 | O70: 59252273 | P70: =_xlfn.XLOOKUP(G70,'[1](ST)Product'!$C:$C,'[1](ST)Product'!$E:$E) -> Shark Floorcare | Q70: =_xlfn.XLOOKUP(G70,'[1](ST)Product'!$C:$C,'[1](ST)Product'!$F:$F) -> FW | R70: Planned | S70: N
A71: =_xlfn.XLOOKUP(B71,Mapping!C:C,Mapping!D:D) -> Dept Store | B71: Dept | C71: 0 | D71: 46174 | E71: 46180 | F71: =IF(D71="","",E71-D71+1) -> 7 | G71: QX201KR | H71: 329900 | I71: 299900 | J71: 279900 | K71: 329900 | L71: 10 | M71: 3299000 | N71: 2999090.9 | O71: 2174340.9 | P71: =_xlfn.XLOOKUP(G71,'[1](ST)Product'!$C:$C,'[1](ST)Product'!$E:$E) -> Ninja Motorized | Q71: =_xlfn.XLOOKUP(G71,'[1](ST)Product'!$C:$C,'[1](ST)Product'!$F:$F) -> Trad | R71: Planned | S71: N
A72: =_xlfn.XLOOKUP(B72,Mapping!C:C,Mapping!D:D) -> Dept Store | B72: Dept | C72: 0 | D72: 46174 | E72: 46180 | F72: =IF(D72="","",E72-D72+1) -> 7 | G72: S8201KR | H72: 299900 | I72: 199900 | J72: 199900 | K72: 219900 | L72: 10 | M72: 2199000 | N72: 2726363.6 | O72: 1976613.6 | P72: =_xlfn.XLOOKUP(G72,'[1](ST)Product'!$C:$C,'[1](ST)Product'!$E:$E) -> Shark Floorcare | Q72: =_xlfn.XLOOKUP(G72,'[1](ST)Product'!$C:$C,'[1](ST)Product'!$F:$F) -> WD | R72: Planned | S72: N
A73: =_xlfn.XLOOKUP(B73,Mapping!C:C,Mapping!D:D) -> Dept Store | B73: Dept | C73: 0 | D73: 46174 | E73: 46180 | F73: =IF(D73="","",E73-D73+1) -> 7 | G73: SFP701KR | H73: 399900 | I73: 349900 | J73: 299900 | K73: 399900 | L73: 5 | M73: 1999500 | N73: 1817727.3 | O73: 1317852.3 | P73: =_xlfn.XLOOKUP(G73,'[1](ST)Product'!$C:$C,'[1](ST)Product'!$E:$E) -> Ninja Heated | Q73: =_xlfn.XLOOKUP(G73,'[1](ST)Product'!$C:$C,'[1](ST)Product'!$F:$F) -> Combi | R73: Planned | S73: N
A74: =_xlfn.XLOOKUP(B74,Mapping!C:C,Mapping!D:D) -> Dept Store | B74: Dept | C74: 0 | D74: 46174 | E74: 46180 | F74: =IF(D74="","",E74-D74+1) -> 7 | G74: TB401KR | H74: 349900 | I74: 319900 | J74: 299900 | K74: 349900 | L74: 10 | M74: 3499000 | N74: 3180909.1 | O74: 2306159.1 | P74: =_xlfn.XLOOKUP(G74,'[1](ST)Product'!$C:$C,'[1](ST)Product'!$E:$E) -> Ninja Motorized | Q74: =_xlfn.XLOOKUP(G74,'[1](ST)Product'!$C:$C,'[1](ST)Product'!$F:$F) -> Kitchen | R74: Planned | S74: N
A75: =_xlfn.XLOOKUP(B75,Mapping!C:C,Mapping!D:D) -> Dept Store | B75: Dept | C75: 0 | D75: 46174 | E75: 46180 | F75: =IF(D75="","",E75-D75+1) -> 7 | G75: LC351KRWH | H75: 849000 | I75: 749000 | J75: 699000 | K75: 849000 | L75: 5 | M75: 4245000 | N75: 3859090.9 | O75: 2797840.9 | P75: =_xlfn.XLOOKUP(G75,'[1](ST)Product'!$C:$C,'[1](ST)Product'!$E:$E) -> Shark Floorcare | Q75: =_xlfn.XLOOKUP(G75,'[1](ST)Product'!$C:$C,'[1](ST)Product'!$F:$F) -> FW | R75: Planned | S75: N
A76: =_xlfn.XLOOKUP(B76,Mapping!C:C,Mapping!D:D) -> Dept Store | B76: Dept | C76: 0 | D76: 46174 | E76: 46180 | F76: =IF(D76="","",E76-D76+1) -> 7 | G76: FA200KRWH | H76: 249900 | I76: 219900 | J76: 199900 | K76: 249900 | L76: 20 | M76: 4998000 | N76: 4543636.4 | O76: 3294136.4 | P76: =_xlfn.XLOOKUP(G76,'[1](ST)Product'!$C:$C,'[1](ST)Product'!$E:$E) -> Shark Fan | Q76: =_xlfn.XLOOKUP(G76,'[1](ST)Product'!$C:$C,'[1](ST)Product'!$F:$F) -> Fan | R76: Planned | S76: N
A77: =_xlfn.XLOOKUP(B77,Mapping!C:C,Mapping!D:D) -> Dept Store | B77: Dept | C77: 0 | D77: 46174 | E77: 46180 | F77: =IF(D77="","",E77-D77+1) -> 7 | G77: BC251KRIV | H77: 149900 | I77: 139900 | J77: 109900 | K77: 129900 | L77: 20 | M77: 2598000 | N77: 2725454.5 | O77: 1975954.5 | P77: =_xlfn.XLOOKUP(G77,'[1](ST)Product'!$C:$C,'[1](ST)Product'!$E:$E) -> Ninja Motorized | Q77: =_xlfn.XLOOKUP(G77,'[1](ST)Product'!$C:$C,'[1](ST)Product'!$F:$F) -> Portable | R77: Planned | S77: N
... A102: =_xlfn.XLOOKUP(B102,Mapping!C:C,Mapping!D:D) -> E-MART | B102: Emart | C102: 0 | D102: 46174 | E102: 46188 | F102: =IF(D102="","",E102-D102+1) -> 15 | G102: FA200KRWH | H102: 249900 | I102: 219900 | J102: 199900 | K102: 199900 | L102: 100 | M102: 19990000 | N102: 14766818 | O102: 13275370 | P102: =_xlfn.XLOOKUP(G102,'[1](ST)Product'!$C:$C,'[1](ST)Product'!$E:$E) -> Shark Fan | Q102: =_xlfn.XLOOKUP(G102,'[1](ST)Product'!$C:$C,'[1](ST)Product'!$F:$F) -> Fan | R102: Planned | S102: N
A103: =_xlfn.XLOOKUP(B103,Mapping!C:C,Mapping!D:D) -> E-MART | B103: Emart | C103: 삼성카드 신규 발급 행사(쿠폰북) | D103: 46174 | E103: 46188 | F103: =IF(D103="","",E103-D103+1) -> 15 | G103: FA200KRWH | H103: 249900 | I103: 219900 | J103: 199900 | K103: 149900 | L103: 160 | M103: 23984000 | N103: 23626909 | O103: 21240591 | P103: =_xlfn.XLOOKUP(G103,'[1](ST)Product'!$C:$C,'[1](ST)Product'!$E:$E) -> Shark Fan | Q103: =_xlfn.XLOOKUP(G103,'[1](ST)Product'!$C:$C,'[1](ST)Product'!$F:$F) -> Fan | R103: Planned | S103: N
A104: =_xlfn.XLOOKUP(B104,Mapping!C:C,Mapping!D:D) -> Group Buying | B104: GB B2B2C | C104: 나도살림 | D104: 46174 | E104: 46177 | F104: =IF(D104="","",E104-D104+1) -> 4 | G104: LC701KRBK | H104: 899000 | I104: 779000 | J104: 749000 | K104: 749000 | L104: 25 | M104: 18725000 | N104: 10894545 | O104: 10676655 | P104: =_xlfn.XLOOKUP(G104,'[1](ST)Product'!$C:$C,'[1](ST)Product'!$E:$E) -> Shark Floorcare | Q104: =_xlfn.XLOOKUP(G104,'[1](ST)Product'!$C:$C,'[1](ST)Product'!$F:$F) -> FW | R104: Planned | S104: N
A105: =_xlfn.XLOOKUP(B105,Mapping!C:C,Mapping!D:D) -> Group Buying | B105: GB B2B2C | C105: 부끄시끄 | D105: 46174 | E105: 46177 | F105: =IF(D105="","",E105-D105+1) -> 4 | G105: FS301KR | H105: 449900 | I105: 379900 | J105: 349900 | K105: 349900 | L105: 150 | M105: 52485000 | N105: 30536727 | O105: 29925993 | P105: =_xlfn.XLOOKUP(G105,'[1](ST)Product'!$C:$C,'[1](ST)Product'!$E:$E) -> Ninja Motorized | Q105: =_xlfn.XLOOKUP(G105,'[1](ST)Product'!$C:$C,'[1](ST)Product'!$F:$F) -> Icecream | R105: Planned | S105: Y
A106: =_xlfn.XLOOKUP(B106,Mapping!C:C,Mapping!D:D) -> Group Buying | B106: GB B2B2C | C106: 친절마켓 한은경 | D106: 46174 | E106: 46180 | F106: =IF(D106="","",E106-D106+1) -> 7 | G106: AG551KR | H106: 429900 | I106: 399900 | J106: 349900 | K106: 399900 | L106: 200 | M106: 79980000 | N106: 46533818 | O106: 45603142 | P106: =_xlfn.XLOOKUP(G106,'[1](ST)Product'!$C:$C,'[1](ST)Product'!$E:$E) -> Ninja Heated | Q106: =_xlfn.XLOOKUP(G106,'[1](ST)Product'!$C:$C,'[1](ST)Product'!$F:$F) -> Grill | R106: Planned | S106: N
A107: =_xlfn.XLOOKUP(B107,Mapping!C:C,Mapping!D:D) -> Group Buying | B107: GB B2B2C | C107: 우리의식탁 | D107: 46174 | E107: 46180 | F107: =IF(D107="","",E107-D107+1) -> 7 | G107: NC300KR | H107: 349900 | I107: 299900 | J107: 269900 | K107: 269900 | L107: 100 | M107: 26990000 | N107: 15703273 | O107: 15389207 | P107: =_xlfn.XLOOKUP(G107,'[1](ST)Product'!$C:$C,'[1](ST)Product'!$E:$E) -> Ninja Motorized | Q107: =_xlfn.XLOOKUP(G107,'[1](ST)Product'!$C:$C,'[1](ST)Product'!$F:$F) -> Icecream | R107: Planned | S107: N
A108: =_xlfn.XLOOKUP(B108,Mapping!C:C,Mapping!D:D) -> Group Buying | B108: GB B2B2C | C108: 아무르제이 | D108: 46174 | E108: 46176 | F108: =IF(D108="","",E108-D108+1) -> 3 | G108: FN100KRGN1 | H108: 249900 | I108: 219900 | J108: 199900 | K108: 219900 | L108: 500 | M108: 109950000 | N108: 63970909 | O108: 62691491 | P108: =_xlfn.XLOOKUP(G108,'[1](ST)Product'!$C:$C,'[1](ST)Product'!$E:$E) -> Ninja Heated | Q108: =_xlfn.XLOOKUP(G108,'[1](ST)Product'!$C:$C,'[1](ST)Product'!$F:$F) -> Crispi | R108: Planned | S108: Y
A109: =_xlfn.XLOOKUP(B109,Mapping!C:C,Mapping!D:D) -> Group Buying | B109: GB B2B2C | C109: 아무르제이 | D109: 46174 | E109: 46176 | F109: =IF(D109="","",E109-D109+1) -> 3 | G109: FN100KRGY1 | H109: 249900 | I109: 219900 | J109: 199900 | K109: 219900 | L109: 0 | M109: 0 | N109: 0 | O109: 0 | P109: =_xlfn.XLOOKUP(G109,'[1](ST)Product'!$C:$C,'[1](ST)Product'!$E:$E) -> Ninja Heated | Q109: =_xlfn.XLOOKUP(G109,'[1](ST)Product'!$C:$C,'[1](ST)Product'!$F:$F) -> Crispi | R109: Planned | S109: Y
A110: =_xlfn.XLOOKUP(B110,Mapping!C:C,Mapping!D:D) -> HI-MART | B110: Himart | C110: 하이마트 6월 행사 | D110: 46174 | E110: 46187 | F110: =IF(D110="","",E110-D110+1) -> 14 | G110: TB401KR | H110: 349900 | I110: 319900 | J110: 299900 | K110: 319000 | L110: 150 | M110: 47850000 | N110: 0 | O110: 0 | P110: =_xlfn.XLOOKUP(G110,'[1](ST)Product'!$C:$C,'[1](ST)Product'!$E:$E) -> Ninja Motorized | Q110: =_xlfn.XLOOKUP(G110,'[1](ST)Product'!$C:$C,'[1](ST)Product'!$F:$F) -> Kitchen | R110: Planned | S110: N
A111: =_xlfn.XLOOKUP(B111,Mapping!C:C,Mapping!D:D) -> HI-MART | B111: Himart | C111: 하이마트 6월 행사 | D111: 46174 | E111: 46187 | F111: =IF(D111="","",E111-D111+1) -> 14 | G111: IW3241KR | H111: 849000 | I111: 749000 | J111: 699000 | K111: 749000 | L111: 50 | M111: 37450000 | N111: 0 | O111: 0 | P111: =_xlfn.XLOOKUP(G111,'[1](ST)Product'!$C:$C,'[1](ST)Product'!$E:$E) -> Shark Floorcare | Q111: =_xlfn.XLOOKUP(G111,'[1](ST)Product'!$C:$C,'[1](ST)Product'!$F:$F) -> Kion | R111: Planned | S111: N
A112: =_xlfn.XLOOKUP(B112,Mapping!C:C,Mapping!D:D) -> HI-MART | B112: Himart | C112: 하이마트 6월 행사 | D112: 46174 | E112: 46187 | F112: =IF(D112="","",E112-D112+1) -> 14 | G112: NC300KR | H112: 349900 | I112: 299900 | J112: 269900 | K112: 269900 | L112: 20 | M112: 5398000 | N112: 0 | O112: 0 | P112: =_xlfn.XLOOKUP(G112,'[1](ST)Product'!$C:$C,'[1](ST)Product'!$E:$E) -> Ninja Motorized | Q112: =_xlfn.XLOOKUP(G112,'[1](ST)Product'!$C:$C,'[1](ST)Product'!$F:$F) -> Icecream | R112: Planned | S112: N
A113: =_xlfn.XLOOKUP(B113,Mapping!C:C,Mapping!D:D) -> HI-MART | B113: Himart | C113: 하이마트 6월 행사 | D113: 46174 | E113: 46181 | F113: =IF(D113="","",E113-D113+1) -> 8 | G113: FN100KRGY1 | H113: 249900 | I113: 219900 | J113: 199900 | K113: 219000 | L113: 100 | M113: 21900000 | N113: 0 | O113: 0 | P113: =_xlfn.XLOOKUP(G113,'[1](ST)Product'!$C:$C,'[1](ST)Product'!$E:$E) -> Ninja Heated | Q113: =_xlfn.XLOOKUP(G113,'[1](ST)Product'!$C:$C,'[1](ST)Product'!$F:$F) -> Crispi | R113: Planned | S113: Y
A114: =_xlfn.XLOOKUP(B114,Mapping!C:C,Mapping!D:D) -> HI-MART | B114: Himart | C114: 히어로 전단 | D114: 46174 | E114: 46203 | F114: =IF(D114="","",E114-D114+1) -> 30 | G114: IW4271KRCP | H114: 899000 | I114: 849000 | J114: 799000 | K114: 769000 | L114: 500 | M114: 384500000 | N114: 0 | O114: 0 | P114: =_xlfn.XLOOKUP(G114,'[1](ST)Product'!$C:$C,'[1](ST)Product'!$E:$E) -> Shark Floorcare | Q114: =_xlfn.XLOOKUP(G114,'[1](ST)Product'!$C:$C,'[1](ST)Product'!$F:$F) -> Kion | R114: Planned | S114: N
... A147: =_xlfn.XLOOKUP(B147,Mapping!C:C,Mapping!D:D) -> PP | B147: PP | C147: 라이브 | D147: 46174 | E147: 46177 | F147: =IF(D147="","",E147-D147+1) -> 4 | G147: AG551KR | H147: 429900 | I147: 399900 | J147: 349900 | K147: 399900 | L147: 500 | M147: 199950000 | N147: 1.8177273e+08 | O147: 1.1451682e+08 | P147: =_xlfn.XLOOKUP(G147,'[1](ST)Product'!$C:$C,'[1](ST)Product'!$E:$E) -> Ninja Heated | Q147: =_xlfn.XLOOKUP(G147,'[1](ST)Product'!$C:$C,'[1](ST)Product'!$F:$F) -> Grill | R147: Planned | S147: N
A148: =_xlfn.XLOOKUP(B148,Mapping!C:C,Mapping!D:D) -> PP | B148: PP | C148: 라이브 | D148: 46174 | E148: 46177 | F148: =IF(D148="","",E148-D148+1) -> 4 | G148: BC105KR | K148: 129900 | L148: 2000 | M148: 259800000 | N148: 2.3618182e+08 | O148: 1.4879455e+08 | P148: =_xlfn.XLOOKUP(G148,'[1](ST)Product'!$C:$C,'[1](ST)Product'!$E:$E) -> #N/A | Q148: =_xlfn.XLOOKUP(G148,'[1](ST)Product'!$C:$C,'[1](ST)Product'!$F:$F) -> #N/A | R148: Planned | S148: N
A149: =_xlfn.XLOOKUP(B149,Mapping!C:C,Mapping!D:D) -> PP | B149: PP | C149: 라이브 | D149: 46174 | E149: 46177 | F149: =IF(D149="","",E149-D149+1) -> 4 | G149: HD434KR | K149: 249900 | L149: 600 | M149: 149940000 | N149: 1.3630909e+08 | O149: 85874727 | P149: =_xlfn.XLOOKUP(G149,'[1](ST)Product'!$C:$C,'[1](ST)Product'!$E:$E) -> Shark Fan | Q149: =_xlfn.XLOOKUP(G149,'[1](ST)Product'!$C:$C,'[1](ST)Product'!$F:$F) -> Fan | R149: Planned | S149: N
A150: =_xlfn.XLOOKUP(B150,Mapping!C:C,Mapping!D:D) -> Group Buying | B150: GB B2B2C | C150: loved유진 | D150: 46175 | E150: 46180 | F150: =IF(D150="","",E150-D150+1) -> 6 | G150: NC300KR | H150: 349900 | I150: 299900 | J150: 269900 | K150: 269900 | L150: 100 | M150: 26990000 | N150: 15703273 | O150: 15389207 | P150: =_xlfn.XLOOKUP(G150,'[1](ST)Product'!$C:$C,'[1](ST)Product'!$E:$E) -> Ninja Motorized | Q150: =_xlfn.XLOOKUP(G150,'[1](ST)Product'!$C:$C,'[1](ST)Product'!$F:$F) -> Icecream | R150: Planned | S150: N
A151: =_xlfn.XLOOKUP(B151,Mapping!C:C,Mapping!D:D) -> Naver | B151: Naver | C151: 라이브 | D151: 46175 | E151: 46175 | F151: =IF(D151="","",E151-D151+1) -> 1 | G151: LC351KRWH | H151: 849000 | I151: 749000 | J151: 699000 | K151: 749000 | L151: 88 | M151: 65912000 | N151: 67920000 | O151: 55286880 | P151: =_xlfn.XLOOKUP(G151,'[1](ST)Product'!$C:$C,'[1](ST)Product'!$E:$E) -> Shark Floorcare | Q151: =_xlfn.XLOOKUP(G151,'[1](ST)Product'!$C:$C,'[1](ST)Product'!$F:$F) -> FW | R151: Planned | S151: N
A152: =_xlfn.XLOOKUP(B152,Mapping!C:C,Mapping!D:D) -> Naver | B152: Naver | C152: 라이브 | D152: 46175 | E152: 46175 | F152: =IF(D152="","",E152-D152+1) -> 1 | G152: IW3241KR | H152: 849000 | I152: 749000 | J152: 699000 | K152: 749000 | L152: 15 | M152: 11235000 | N152: 11577273 | O152: 9423900 | P152: =_xlfn.XLOOKUP(G152,'[1](ST)Product'!$C:$C,'[1](ST)Product'!$E:$E) -> Shark Floorcare | Q152: =_xlfn.XLOOKUP(G152,'[1](ST)Product'!$C:$C,'[1](ST)Product'!$F:$F) -> Kion | R152: Planned | S152: N
A153: =_xlfn.XLOOKUP(B153,Mapping!C:C,Mapping!D:D) -> Naver | B153: Naver | C153: 라이브 | D153: 46175 | E153: 46175 | F153: =IF(D153="","",E153-D153+1) -> 1 | G153: WV270KR | H153: 199900 | I153: 179900 | J153: 169900 | K153: 199900 | L153: 23 | M153: 4597700 | N153: 4179727.3 | O153: 3402298 | P153: =_xlfn.XLOOKUP(G153,'[1](ST)Product'!$C:$C,'[1](ST)Product'!$E:$E) -> Shark Floorcare | Q153: =_xlfn.XLOOKUP(G153,'[1](ST)Product'!$C:$C,'[1](ST)Product'!$F:$F) -> WV | R153: Planned | S153: N
A154: =_xlfn.XLOOKUP(B154,Mapping!C:C,Mapping!D:D) -> Naver | B154: Naver | C154: 라이브 | D154: 46175 | E154: 46175 | F154: =IF(D154="","",E154-D154+1) -> 1 | G154: FA200KRWH | H154: 249900 | I154: 219900 | J154: 199900 | K154: 219900 | L154: 60 | M154: 13194000 | N154: 13630909 | O154: 11095560 | P154: =_xlfn.XLOOKUP(G154,'[1](ST)Product'!$C:$C,'[1](ST)Product'!$E:$E) -> Shark Fan | Q154: =_xlfn.XLOOKUP(G154,'[1](ST)Product'!$C:$C,'[1](ST)Product'!$F:$F) -> Fan | R154: Planned | S154: N
A155: =_xlfn.XLOOKUP(B155,Mapping!C:C,Mapping!D:D) -> E-MART | B155: Emart | C155: 0 | D155: 46176 | E155: 46180 | F155: =IF(D155="","",E155-D155+1) -> 5 | G155: BN500KR | H155: 169900 | I155: 149900 | J155: 129900 | K155: 129900 | L155: 3 | M155: 389700 | N155: 319720.91 | O155: 285830.49 | P155: =_xlfn.XLOOKUP(G155,'[1](ST)Product'!$C:$C,'[1](ST)Product'!$E:$E) -> Ninja Motorized | Q155: =_xlfn.XLOOKUP(G155,'[1](ST)Product'!$C:$C,'[1](ST)Product'!$F:$F) -> Trad | R155: Planned | S155: N
A156: =_xlfn.XLOOKUP(B156,Mapping!C:C,Mapping!D:D) -> E-MART | B156: Emart | C156: 0 | D156: 46176 | E156: 46180 | F156: =IF(D156="","",E156-D156+1) -> 5 | G156: CS151KRGDAE | H156: 599000 | I156: 399900 | J156: 399900 | K156: 399000 | L156: 300 | M156: 119700000 | N156: 1.1762182e+08 | O156: 1.0574201e+08 | P156: =_xlfn.XLOOKUP(G156,'[1](ST)Product'!$C:$C,'[1](ST)Product'!$E:$E) -> Shark Floorcare | Q156: =_xlfn.XLOOKUP(G156,'[1](ST)Product'!$C:$C,'[1](ST)Product'!$F:$F) -> CS | R156: Planned | S156: N
A157: =_xlfn.XLOOKUP(B157,Mapping!C:C,Mapping!D:D) -> E-MART | B157: Emart | C157: 0 | D157: 46176 | E157: 46180 | F157: =IF(D157="","",E157-D157+1) -> 5 | G157: QX201KR | H157: 329900 | I157: 299900 | J157: 279900 | K157: 299900 | L157: 25 | M157: 7497500 | N157: 5173431.8 | O157: 4625048 | P157: =_xlfn.XLOOKUP(G157,'[1](ST)Product'!$C:$C,'[1](ST)Product'!$E:$E) -> Ninja Motorized | Q157: =_xlfn.XLOOKUP(G157,'[1](ST)Product'!$C:$C,'[1](ST)Product'!$F:$F) -> Trad | R157: Planned | S157: N
A158: =_xlfn.XLOOKUP(B158,Mapping!C:C,Mapping!D:D) -> E-MART | B158: Emart | C158: 0 | D158: 46176 | E158: 46180 | F158: =IF(D158="","",E158-D158+1) -> 5 | G158: NJ1001KR | H158: 79900 | I158: 54900 | J158: 54900 | K158: 54900 | L158: 30 | M158: 1647000 | N158: 1503572.7 | O158: 1344194 | P158: =_xlfn.XLOOKUP(G158,'[1](ST)Product'!$C:$C,'[1](ST)Product'!$E:$E) -> Ninja Motorized | Q158: =_xlfn.XLOOKUP(G158,'[1](ST)Product'!$C:$C,'[1](ST)Product'!$F:$F) -> Food process | R158: Planned | S158: N
A159: =_xlfn.XLOOKUP(B159,Mapping!C:C,Mapping!D:D) -> E-MART | B159: Emart | C159: 0 | D159: 46176 | E159: 46183 | F159: =IF(D159="","",E159-D159+1) -> 8 | G159: NC300KR | H159: 349900 | I159: 299900 | J159: 269900 | K159: 269900 | L159: 5 | M159: 1349500 | N159: 1146177.3 | O159: 1024682.5 | P159: =_xlfn.XLOOKUP(G159,'[1](ST)Product'!$C:$C,'[1](ST)Product'!$E:$E) -> Ninja Motorized | Q159: =_xlfn.XLOOKUP(G159,'[1](ST)Product'!$C:$C,'[1](ST)Product'!$F:$F) -> Icecream | R159: Planned | S159: N
A160: =_xlfn.XLOOKUP(B160,Mapping!C:C,Mapping!D:D) -> E-MART | B160: Emart | C160: 0 | D160: 46176 | E160: 46183 | F160: =IF(D160="","",E160-D160+1) -> 8 | G160: TB201KR | H160: 249900 | I160: 199900 | J160: 189900 | K160: 199900 | L160: 20 | M160: 3998000 | N160: 3135109.1 | O160: 2802787.5 | P160: =_xlfn.XLOOKUP(G160,'[1](ST)Product'!$C:$C,'[1](ST)Product'!$E:$E) -> Ninja Motorized | Q160: =_xlfn.XLOOKUP(G160,'[1](ST)Product'!$C:$C,'[1](ST)Product'!$F:$F) -> Trad | R160: Planned | S160: N
A161: =_xlfn.XLOOKUP(B161,Mapping!C:C,Mapping!D:D) -> E-MART | B161: Emart | C161: 0 | D161: 46176 | E161: 46190 | F161: =IF(D161="","",E161-D161+1) -> 15 | G161: AG551KR | H161: 429900 | I161: 399900 | J161: 349900 | K161: 399900 | L161: 20 | M161: 7998000 | N161: 5393290.9 | O161: 4821602.1 | P161: =_xlfn.XLOOKUP(G161,'[1](ST)Product'!$C:$C,'[1](ST)Product'!$E:$E) -> Ninja Heated | Q161: =_xlfn.XLOOKUP(G161,'[1](ST)Product'!$C:$C,'[1](ST)Product'!$F:$F) -> Grill | R161: Planned | S161: N
A162: =_xlfn.XLOOKUP(B162,Mapping!C:C,Mapping!D:D) -> E-MART | B162: Emart | C162: 0 | D162: 46176 | E162: 46190 | F162: =IF(D162="","",E162-D162+1) -> 15 | G162: BC251KRGY | H162: 149900 | I162: 139900 | J162: 109900 | K162: 129900 | L162: 30 | M162: 3897000 | N162: 2820845.5 | O162: 2521835.8 | P162: =_xlfn.XLOOKUP(G162,'[1](ST)Product'!$C:$C,'[1](ST)Product'!$E:$E) -> Ninja Motorized | Q162: =_xlfn.XLOOKUP(G162,'[1](ST)Product'!$C:$C,'[1](ST)Product'!$F:$F) -> Portable | R162: Planned | S162: N
A163: =_xlfn.XLOOKUP(B163,Mapping!C:C,Mapping!D:D) -> Group Buying | B163: GB B2B2C | C163: 비니맘마 | D163: 46176 | E163: 46180 | F163: =IF(D163="","",E163-D163+1) -> 5 | G163: NC300KR | H163: 349900 | I163: 299900 | J163: 269900 | K163: 269900 | L163: 100 | M163: 26990000 | N163: 15703273 | O163: 15389207 | P163: =_xlfn.XLOOKUP(G163,'[1](ST)Product'!$C:$C,'[1](ST)Product'!$E:$E) -> Ninja Motorized | Q163: =_xlfn.XLOOKUP(G163,'[1](ST)Product'!$C:$C,'[1](ST)Product'!$F:$F) -> Icecream | R163: Planned | S163: N
A164: =_xlfn.XLOOKUP(B164,Mapping!C:C,Mapping!D:D) -> Group Buying | B164: GB B2B2C | C164: 어퍼하우스 | D164: 46177 | E164: 46203 | F164: =IF(D164="","",E164-D164+1) -> 27 | G164: FS301KR | H164: 449900 | I164: 379900 | J164: 349900 | K164: 349900 | L164: 150 | M164: 52485000 | N164: 30536727 | O164: 29925993 | P164: =_xlfn.XLOOKUP(G164,'[1](ST)Product'!$C:$C,'[1](ST)Product'!$E:$E) -> Ninja Motorized | Q164: =_xlfn.XLOOKUP(G164,'[1](ST)Product'!$C:$C,'[1](ST)Product'!$F:$F) -> Icecream | R164: Planned | S164: Y
A165: =_xlfn.XLOOKUP(B165,Mapping!C:C,Mapping!D:D) -> Group Buying | B165: GB B2B2C | C165: 한끼해요 | D165: 46177 | E165: 46184 | F165: =IF(D165="","",E165-D165+1) -> 8 | G165: NC300KR | H165: 349900 | I165: 299900 | J165: 269900 | K165: 269900 | L165: 100 | M165: 26990000 | N165: 15703273 | O165: 15389207 | P165: =_xlfn.XLOOKUP(G165,'[1](ST)Product'!$C:$C,'[1](ST)Product'!$E:$E) -> Ninja Motorized | Q165: =_xlfn.XLOOKUP(G165,'[1](ST)Product'!$C:$C,'[1](ST)Product'!$F:$F) -> Icecream | R165: Planned | S165: N
A166: =_xlfn.XLOOKUP(B166,Mapping!C:C,Mapping!D:D) -> Group Buying | B166: GB B2B2C | C166: 마카롱여사 | D166: 46177 | E166: 46180 | F166: =IF(D166="","",E166-D166+1) -> 4 | G166: FA050KR | H166: 219900 | I166: 199900 | J166: 179900 | K166: 179900 | L166: 0 | M166: 0 | N166: 0 | O166: 0 | P166: =_xlfn.XLOOKUP(G166,'[1](ST)Product'!$C:$C,'[1](ST)Product'!$E:$E) -> Shark Fan | Q166: =_xlfn.XLOOKUP(G166,'[1](ST)Product'!$C:$C,'[1](ST)Product'!$F:$F) -> Fan | R166: Planned | S166: Y
A167: =_xlfn.XLOOKUP(B167,Mapping!C:C,Mapping!D:D) -> Group Buying | B167: GB B2B2C | C167: 마카롱여사 | D167: 46177 | E167: 46180 | F167: =IF(D167="","",E167-D167+1) -> 4 | G167: FA050KRBL | H167: 219900 | I167: 199900 | J167: 179900 | K167: 179900 | L167: 150 | M167: 26985000 | N167: 15700364 | O167: 15386356 | P167: =_xlfn.XLOOKUP(G167,'[1](ST)Product'!$C:$C,'[1](ST)Product'!$E:$E) -> Shark Fan | Q167: =_xlfn.XLOOKUP(G167,'[1](ST)Product'!$C:$C,'[1](ST)Product'!$F:$F) -> Fan | R167: Planned | S167: Y
A168: =_xlfn.XLOOKUP(B168,Mapping!C:C,Mapping!D:D) -> Group Buying | B168: GB B2B2C | C168: 마카롱여사 | D168: 46177 | E168: 46180 | F168: =IF(D168="","",E168-D168+1) -> 4 | G168: FA050KRWH | H168: 219900 | I168: 199900 | J168: 179900 | K168: 179900 | L168: 0 | M168: 0 | N168: 0 | O168: 0 | P168: =_xlfn.XLOOKUP(G168,'[1](ST)Product'!$C:$C,'[1](ST)Product'!$E:$E) -> Shark Fan | Q168: =_xlfn.XLOOKUP(G168,'[1](ST)Product'!$C:$C,'[1](ST)Product'!$F:$F) -> Fan | R168: Planned | S168: Y
A169: =_xlfn.XLOOKUP(B169,Mapping!C:C,Mapping!D:D) -> Group Buying | B169: GB B2B2C | C169: 마카롱여사 | D169: 46177 | E169: 46180 | F169: =IF(D169="","",E169-D169+1) -> 4 | G169: LC701KRbk | H169: 899000 | I169: 779000 | J169: 749000 | K169: 749000 | L169: 25 | M169: 18725000 | N169: 10894545 | O169: 10676655 | P169: =_xlfn.XLOOKUP(G169,'[1](ST)Product'!$C:$C,'[1](ST)Product'!$E:$E) -> Shark Floorcare | Q169: =_xlfn.XLOOKUP(G169,'[1](ST)Product'!$C:$C,'[1](ST)Product'!$F:$F) -> FW | R169: Planned | S169: N
A170: =_xlfn.XLOOKUP(B170,Mapping!C:C,Mapping!D:D) -> Group Buying | B170: GB B2B2C | C170: 마카롱여사 | D170: 46177 | E170: 46180 | F170: =IF(D170="","",E170-D170+1) -> 4 | G170: FS301KR | H170: 449900 | I170: 379900 | J170: 349900 | K170: 349900 | L170: 150 | M170: 52485000 | N170: 30536727 | O170: 29925993 | P170: =_xlfn.XLOOKUP(G170,'[1](ST)Product'!$C:$C,'[1](ST)Product'!$E:$E) -> Ninja Motorized | Q170: =_xlfn.XLOOKUP(G170,'[1](ST)Product'!$C:$C,'[1](ST)Product'!$F:$F) -> Icecream | R170: Planned | S170: Y
A171: =_xlfn.XLOOKUP(B171,Mapping!C:C,Mapping!D:D) -> Group Buying | B171: GB B2B2C | C171: 마카롱여사 | D171: 46177 | E171: 46180 | F171: =IF(D171="","",E171-D171+1) -> 4 | G171: NC300KR | H171: 349900 | I171: 299900 | J171: 269900 | K171: 269900 | L171: 100 | M171: 26990000 | N171: 15703273 | O171: 15389207 | P171: =_xlfn.XLOOKUP(G171,'[1](ST)Product'!$C:$C,'[1](ST)Product'!$E:$E) -> Ninja Motorized | Q171: =_xlfn.XLOOKUP(G171,'[1](ST)Product'!$C:$C,'[1](ST)Product'!$F:$F) -> Icecream | R171: Planned | S171: N
A172: =_xlfn.XLOOKUP(B172,Mapping!C:C,Mapping!D:D) -> Group Buying | B172: GB B2B2C | C172: 밀커블 | D172: 46177 | E172: 46179 | F172: =IF(D172="","",E172-D172+1) -> 3 | G172: FN100KRGN1 | H172: 249900 | I172: 219900 | J172: 199900 | K172: 219900 | L172: 500 | M172: 109950000 | N172: 63970909 | O172: 62691491 | P172: =_xlfn.XLOOKUP(G172,'[1](ST)Product'!$C:$C,'[1](ST)Product'!$E:$E) -> Ninja Heated | Q172: =_xlfn.XLOOKUP(G172,'[1](ST)Product'!$C:$C,'[1](ST)Product'!$F:$F) -> Crispi | R172: Planned | S172: Y
A173: =_xlfn.XLOOKUP(B173,Mapping!C:C,Mapping!D:D) -> Group Buying | B173: GB B2B2C | C173: 밀커블 | D173: 46177 | E173: 46179 | F173: =IF(D173="","",E173-D173+1) -> 3 | G173: FN100KRGY1 | H173: 249900 | I173: 219900 | J173: 199900 | K173: 219900 | L173: 0 | M173: 0 | N173: 0 | O173: 0 | P173: =_xlfn.XLOOKUP(G173,'[1](ST)Product'!$C:$C,'[1](ST)Product'!$E:$E) -> Ninja Heated | Q173: =_xlfn.XLOOKUP(G173,'[1](ST)Product'!$C:$C,'[1](ST)Product'!$F:$F) -> Crispi | R173: Planned | S173: Y
A174: =_xlfn.XLOOKUP(B174,Mapping!C:C,Mapping!D:D) -> Costco | B174: Costco | C174: Cyber Monday | D174: 46178 | E174: 46180 | F174: =IF(D174="","",E174-D174+1) -> 3 | G174: CS150KRAE | H174: 549000 | I174: 399900 | J174: 379900 | K174: 379000 | L174: 200 | M174: 75800000 | N174: 62389091 | O174: 58333800 | P174: =_xlfn.XLOOKUP(G174,'[1](ST)Product'!$C:$C,'[1](ST)Product'!$E:$E) -> Shark Floorcare | Q174: =_xlfn.XLOOKUP(G174,'[1](ST)Product'!$C:$C,'[1](ST)Product'!$F:$F) -> CS | R174: Planned | S174: N
A175: =_xlfn.XLOOKUP(B175,Mapping!C:C,Mapping!D:D) -> E-MART | B175: Emart | C175: 0 | D175: 46178 | E175: 46203 | F175: =IF(D175="","",E175-D175+1) -> 26 | G175: IW3241KR | H175: 849000 | I175: 749000 | J175: 699000 | K175: 649000 | L175: 100 | M175: 64900000 | N175: 57586545 | O175: 51770304 | P175: =_xlfn.XLOOKUP(G175,'[1](ST)Product'!$C:$C,'[1](ST)Product'!$E:$E) -> Shark Floorcare | Q175: =_xlfn.XLOOKUP(G175,'[1](ST)Product'!$C:$C,'[1](ST)Product'!$F:$F) -> Kion | R175: Planned | S175: N
A176: =_xlfn.XLOOKUP(B176,Mapping!C:C,Mapping!D:D) -> Group Buying | B176: GB B2B2C | C176: 루하맘 | D176: 46178 | E176: 46183 | F176: =IF(D176="","",E176-D176+1) -> 6 | G176: NC300KR | H176: 349900 | I176: 299900 | J176: 269900 | K176: 269900 | L176: 100 | M176: 26990000 | N176: 15703273 | O176: 15389207 | P176: =_xlfn.XLOOKUP(G176,'[1](ST)Product'!$C:$C,'[1](ST)Product'!$E:$E) -> Ninja Motorized | Q176: =_xlfn.XLOOKUP(G176,'[1](ST)Product'!$C:$C,'[1](ST)Product'!$F:$F) -> Icecream | R176: Planned | S176: N
A177: =_xlfn.XLOOKUP(B177,Mapping!C:C,Mapping!D:D) -> Group Buying | B177: GB B2B2C | C177: 롤로맘 율쓰 | D177: 46178 | E177: 46181 | F177: =IF(D177="","",E177-D177+1) -> 4 | G177: NC300KR | H177: 349900 | I177: 299900 | J177: 269900 | K177: 269900 | L177: 100 | M177: 26990000 | N177: 15703273 | O177: 15389207 | P177: =_xlfn.XLOOKUP(G177,'[1](ST)Product'!$C:$C,'[1](ST)Product'!$E:$E) -> Ninja Motorized | Q177: =_xlfn.XLOOKUP(G177,'[1](ST)Product'!$C:$C,'[1](ST)Product'!$F:$F) -> Icecream | R177: Planned | S177: N
A178: =_xlfn.XLOOKUP(B178,Mapping!C:C,Mapping!D:D) -> PP | B178: PP | C178: 라이브 | D178: 46178 | E178: 46178 | F178: =IF(D178="","",E178-D178+1) -> 1 | G178: FN100KRGY1 | H178: 249900 | I178: 219900 | J178: 199900 | K178: 219900 | L178: 40 | M178: 8796000 | N178: 7996363.6 | O178: 5037709.1 | P178: =_xlfn.XLOOKUP(G178,'[1](ST)Product'!$C:$C,'[1](ST)Product'!$E:$E) -> Ninja Heated | Q178: =_xlfn.XLOOKUP(G178,'[1](ST)Product'!$C:$C,'[1](ST)Product'!$F:$F) -> Crispi | R178: Planned | S178: Y
A179: =_xlfn.XLOOKUP(B179,Mapping!C:C,Mapping!D:D) -> PP | B179: PP | C179: 라이브 | D179: 46178 | E179: 46178 | F179: =IF(D179="","",E179-D179+1) -> 1 | G179: FN100KRWH | H179: 249900 | I179: 219900 | J179: 199900 | K179: 219900 | L179: 60 | M179: 13194000 | N179: 11994545 | O179: 7556563.6 | P179: =_xlfn.XLOOKUP(G179,'[1](ST)Product'!$C:$C,'[1](ST)Product'!$E:$E) -> Ninja Heated | Q179: =_xlfn.XLOOKUP(G179,'[1](ST)Product'!$C:$C,'[1](ST)Product'!$F:$F) -> Crispi | R179: Planned | S179: Y
A180: =_xlfn.XLOOKUP(B180,Mapping!C:C,Mapping!D:D) -> TVHS | B180: TVHS | C180: 롯데홈쇼핑(우리홈쇼핑) _ TVHS | D180: 46178 | E180: 46178 | F180: =IF(D180="","",E180-D180+1) -> 1 | G180: QX201KR | H180: 329900 | I180: 299900 | J180: 279900 | K180: 299900 | L180: 220 | M180: =K180*L180 -> 65978000 | N180: 32989000 | O180: 19793400 | P180: =_xlfn.XLOOKUP(G180,'[1](ST)Product'!$C:$C,'[1](ST)Product'!$E:$E) -> Ninja Motorized | Q180: =_xlfn.XLOOKUP(G180,'[1](ST)Product'!$C:$C,'[1](ST)Product'!$F:$F) -> Trad | R180: Planned | S180: N
...

Sheet GB
A1: Date | B1: 프로모션명 | C1: SKU | D1: Unit Sold | E1: Revenue
A2: 46174 | B2: 보드레 | C2: FN100KRGY1 | D2: 1 | E2: 127942
A3: 46174 | B3: 초코홈 | C3: TF200SKR | D3: 1 | E3: 203578
A4: 46174 | B4: 초코홈 | C4: TF200SKR | D4: 1 | E4: 203578
A5: 46174 | B5: 초코홈 | C5: TF200SKR | D5: 1 | E5: 203578
A6: 46174 | B6: 초코홈 | C6: TF200SKR | D6: 1 | E6: 203578
A7: 46174 | B7: 초코홈 | C7: TF200SKR | D7: 1 | E7: 203578
A8: 46174 | B8: 부끄시끄 | C8: FS301KR | D8: 1 | E8: 221033
A9: 46174 | B9: 초코홈 | C9: TF200SKR | D9: 1 | E9: 203578
A10: 46174 | B10: 부끄시끄 | C10: FS301KR | D10: 1 | E10: 221033
A11: 46174 | B11: 초코홈 | C11: TF200SKR | D11: 1 | E11: 203578
A12: 46174 | B12: 초코홈 | C12: TF200SKR | D12: 1 | E12: 203578
A13: 46174 | B13: 초코홈 | C13: TF200SKR | D13: 1 | E13: 203578
... A5683: 46196 | B5683: 메종드마미 | C5683: LC751KRLV | D5683: 1 | E5683: 464873
A5684: 46196 | C5684: BC151KRPR | D5684: 500 | E5684: 22129545
A5685: 46196 | C5685: BC151KRNV | D5685: 2000 | E5685: 88518182
A5686: 46196 | C5686: BC151KRCR | D5686: 1000 | E5686: 44259091
A5687: 46196 | C5687: BC151KREM | D5687: 6500 | E5687: 287684091
A5688: 46197 | B5688: 심플리홈 | C5688: LC751KRLV | D5688: 1 | E5688: 464873
A5689: 46197 | B5689: 보드레 | C5689: AG551KR | D5689: 1 | E5689: 232669
A5690: 46197 | B5690: 해나하우스 | C5690: BC251KRIV | D5690: 1 | E5690: 69760
A5691: 46197 | B5691: 심플리홈 | C5691: LC751KRLV | D5691: 1 | E5691: 464873
A5692: 46197 | B5692: 심플리홈 | C5692: LC751KRLV | D5692: 1 | E5692: 464873
A5693: 46197 | B5693: 심플리홈 | C5693: LC751KRLV | D5693: 1 | E5693: 464873
A5694: 46197 | B5694: 이지웰 | C5694: LC351KRWH | D5694: 1 | E5694: 442591
A5695: 46197 | B5695: 심플리홈 | C5695: LC751KRLV | D5695: 1 | E5695: 464873
A5696: 46197 | B5696: 홈앤홈 | C5696: BC251KRIV | D5696: 1 | E5696: 69760
A5697: 46197 | B5697: 보드레 | C5697: AG551KR | D5697: 1 | E5697: 232669
A5698: 46197 | B5698: 심플리홈 | C5698: LC751KRLV | D5698: 1 | E5698: 464873
A5699: 46197 | B5699: 홈앤홈 | C5699: BC251KRPK | D5699: 1 | E5699: 69760
... A5937: 46197 | B5937: 심플리홈 | C5937: LC751KRLV | D5937: 1 | E5937: 464873
A5938: 46197 | C5938: NJ1001KR | D5938: 10000 | E5938: 209090909
A5939: 46198 | B5939: 리뷰머신 | C5939: TF200SKRWH | D5939: 1 | E5939: 203578
A5940: 46198 | B5940: 초코홈 | C5940: TF200SKRWH | D5940: 1 | E5940: 203578
A5941: 46198 | B5941: 초코홈 | C5941: TF200SKRWH | D5941: 1 | E5941: 203578
A5942: 46198 | B5942: 초코홈 | C5942: TF200SKRWH | D5942: 1 | E5942: 203578
A5943: 46198 | B5943: 초코홈 | C5943: TF200SKRWH | D5943: 1 | E5943: 203578
A5944: 46198 | B5944: 초코홈 | C5944: TF200SKRWH | D5944: 1 | E5944: 203578
A5945: 46198 | B5945: 초코홈 | C5945: TF200SKRWH | D5945: 1 | E5945: 203578
A5946: 46198 | B5946: 이지웰 | C5946: AF181KR | D5946: 1 | E5946: 118123
A5947: 46198 | B5947: 이지웰 | C5947: FA200KRBK | D5947: 1 | E5947: 129941
A5948: 46198 | B5948: 리뷰머신 | C5948: TF200SKRWH | D5948: 1 | E5948: 203578
A5949: 46198 | B5949: 공구_리니블 | C5949: TF200SKRWH | D5949: 1 | E5949: 203578
A5950: 46198 | B5950: 홈앤홈 | C5950: BC251KRIV | D5950: 1 | E5950: 69760
... A6370: 46199 | B6370: 초코홈 | C6370: TF200SKR | D6370: 1 | E6370: 203578
A6371: 46199 | C6371: LC351KRWH | D6371: 1900 | E6371: 758725273
A6372: 46199 | C6372: LC351KRWH | D6372: 600 | E6372: 239597455
A6373: 46204 | B6373: 이지웰 | C6373: IW4271KRCP | D6373: 1 | E6373: 501682
A6374: 46204 | B6374: 포유홈 | C6374: FN100KRGN1 | D6374: 1 | E6374: 127942
A6375: 46204 | B6375: 포유홈 | C6375: FN100KRGN1 | D6375: 1 | E6375: 127942
A6376: 46204 | B6376: 심플리홈 | C6376: LC751KRLV | D6376: 1 | E6376: 464873
A6377: 46204 | B6377: 아무르제이 | C6377: LC751KRLV | D6377: 1 | E6377: 464873
A6378: 46204 | B6378: 마이어홈 | C6378: FN100KRGN1 | D6378: 1 | E6378: 127942
A6379: 46204 | B6379: 아무르제이 | C6379: LC751KRLV | D6379: 1 | E6379: 464873
A6380: 46204 | B6380: 마이어홈 | C6380: FN100KRGN1 | D6380: 1 | E6380: 127942
A6381: 46204 | B6381: 마이어홈 | C6381: FN100KRWH | D6381: 1 | E6381: 127942
A6382: 46204 | B6382: 라라홈 | C6382: BC251KRPK | D6382: 1 | E6382: 69760
A6383: 46204 | B6383: 리뷰머신 | C6383: FA221KR | D6383: 1 | E6383: 127942
A6384: 46204 | B6384: 라라홈 | C6384: BC251KRIV | D6384: 1 | E6384: 69760
... A14082: 46239 | B14082: 요정엄마 | C14082: DB351KRPU | D14082: 1 | E14082: 116305
A14083: 46239 | C14083: LC351KRWH | D14083: 800 | E14083: 302080000
A14084: 46240 | B14084: 셩이홈 | C14084: DB351KRPU | D14084: 1 | E14084: 116305
A14085: 46240 | B14085: 다름이네 | C14085: DB351KRPU | D14085: 1 | E14085: 116305
A14086: 46240 | B14086: 보드레 | C14086: FN100KRGN1 | D14086: 1 | E14086: 127942
A14087: 46240 | B14087: 셩이홈 | C14087: DB351KRPU | D14087: 1 | E14087: 116305
A14088: 46240 | B14088: 셩이홈 | C14088: DB351KRBL3 | D14088: 1 | E14088: 116305
A14089: 46240 | B14089: 보드레 | C14089: FN100KRGN1 | D14089: 1 | E14089: 127942
A14090: 46240 | B14090: 보드레 | C14090: FN100KRGN1 | D14090: 1 | E14090: 127942
A14091: 46240 | B14091: 루피너스 | C14091: TF200SKR | D14091: 1 | E14091: 203578
A14092: 46240 | B14092: 다름이네 | C14092: DB351KRBL3 | D14092: 1 | E14092: 116305
A14093: 46240 | B14093: 다름이네 | C14093: DB351KRBL3 | D14093: 1 | E14093: 116305
A14094: 46240 | B14094: 보드레 | C14094: FN100KRGN1 | D14094: 1 | E14094: 127942
A14095: 46240 | B14095: 이지웰 | C14095: FN100KRGN1 | D14095: 1 | E14095: 129941
... A26301: 46294 | B26301: 주식회사 현대이지웰 | C26301: BU3641KR | D26301: 1 | E26301: 353955
A26302: 46294 | C26302: LC951KRSN | D26302: 600 | E26302: 313832727
A26303: 46294 | C26303: RVD120X1KRWH | D26303: 600 | E26303: 485236364
A26304: 46295 | B26304: 삼성카드 | C26304: TB401KR | D26304: 1 | E26304: 189032
A26305: 46295 | B26305: 베네피아 | C26305: IW4271KRBK | D26305: 1 | E26305: 501682
A26306: 46295 | B26306: 베네피아 | C26306: EG201KR | D26306: 1 | E26306: 153577
A26307: 46295 | B26307: 베네피아 | C26307: EG201KR | D26307: 1 | E26307: 153577
A26308: 46295 | B26308: 베네피아 | C26308: EG201KR | D26308: 1 | E26308: 153577
A26309: 46295 | B26309: 베네피아 | C26309: EG201KR | D26309: 1 | E26309: 153577
A26310: 46295 | B26310: 삼성카드 | C26310: BC251KRMT | D26310: 1 | E26310: 82668
A26311: 46295 | B26311: 베네피아 | C26311: EG201KR | D26311: 1 | E26311: 153577
A26312: 46295 | B26312: 베네피아 | C26312: EG201KR | D26312: 1 | E26312: 153577
A26313: 46295 | B26313: 베네피아 | C26313: EG201KR | D26313: 1 | E26313: 153577
A26314: 46295 | B26314: 주식회사 현대이지웰 | C26314: CS151KRGDAE | D26314: 1 | E26314: 235773
A26315: 46295 | B26315: 베네피아 | C26315: BC251KRIV | D26315: 1 | E26315: 82668
... A26413: 46295 | B26413: 요정엄마 | C26413: HX100KR | D26413: 1 | E26413: 163491
A26414: 46295 | C26414: FN091KR | D26414: 2500 | E26414: 216727273
A26415: 46295 | C26415: TF200SKRWH | D26415: 500 | E26415: 81163636
A26416: 46295 | C26416: SFP701KR | D26416: 300 | E26416: 48698182
A26417: 46295 | C26417: TF200SKR | D26417: 500 | E26417: 81163636
A26418: 46295 | C26418: NJ1001KR | D26418: 8000 | E26418: 167272727
A26419: 46295 | C26419: TF200SKRWH | D26419: 1000 | E26419: 162327273

Sheet Mapping
B1: Channel | C1: Account | D1: Mapping | H1: Retailor
B2: Online | C2: Coupang | D2: Coupang | H2: (주)지에스홈쇼핑 _ PP | I2: PP
B3: Online | C3: GB B2B | D3: Group Buying | H3: 씨제이홈쇼핑_ PP | I3: PP
B4: Online | C4: GB B2B2C | D4: Group Buying | H4: 롯데홈쇼핑(우리홈쇼핑) _ TVHS | I4: TVHS
B5: Offline | C5: Himart | D5: HI-MART | H5: 현대홈쇼핑 _ PP | I5: PP
B6: Online | C6: Naver | D6: Naver | H6: 롯데홈쇼핑(우리홈쇼핑) _ PP | I6: PP
B7: TVHS | C7: PP | D7: PP | H7: 현대홈쇼핑 _ TVHS | I7: TVHS
B8: Offline | C8: Costco | D8: Costco | H8: 씨제이홈쇼핑_ TVHS | I8: TVHS
B9: TVHS | C9: TVHS | D9: TVHS | H9: (주)신세계라이브쇼핑 | I9: TVHS
B10: Offline | C10: Emart | D10: E-MART | H10: Cosmo_SSG dept | I10: Dept Store
B11: Offline | C11: Dept | D11: Dept Store | H11: Cosmo_Hyundai dept | I11: Dept Store
B12: Online | C12: Other Online | D12: other Online malls | H12: Cosmo_Lotte dept | I12: Dept Store
B13: Online | C13: (주)이베이코리아(지마켓) | D13: other Online malls | H13: Cosmo_AK dept | I13: Dept Store
... B26: Online | C26: 십일번가 주식회사 | D26: other Online malls | H26: Cosmo_Yowon_B2B | I26: B2B
H27: (주)이베이코리아(지마켓) | I27: other Online malls
H28: 주식회사 29cm | I28: other Online malls
H29: 주식회사 에스에스지닷컴 | I29: other Online malls
H30: 주식회사컬리 | I30: other Online malls
H31: (주)더블유컨셉코리아 | I31: other Online malls
H32: 오늘의집 | I32: other Online malls
H33: (주)카카오 : 선물하기 | I33: other Online malls
H34: (주)이베이코리아(옥션) | I34: other Online malls
H35: 십일번가 주식회사 | I35: other Online malls
H36: (주)카카오 : 톡스토어 | I36: other Online malls
H37: 카페24 주식회사 | I37: other Online malls
H38: G-market | I38: other Online malls
H39: 씨제이홈쇼핑_ TVHS | I39: TVHS

Sheet Sales_Plan
A1: Period Type | B1: Month | C1: Week Start | D1: Week End | E1: Metric | F1: Channel | G1: Retailer | H1: Scenario | I1: Currency | J1: Value
A2: Monthly | B2: 2026-09 | E2: NS | F2: Total | G2: Total | H2: IBP | I2: USD | J2: 12020000
A3: Monthly | B3: 2026-09 | E3: NS | F3: Total | G3: Total | H3: LE1 | I3: USD | J3: 7580000
A4: Monthly | B4: 2026-09 | E4: NS | F4: Total | G4: Total | H4: O&R | I4: USD | J4: 720000
A5: Monthly | B5: 2026-09 | E5: NS | F5: Total | G5: Total | H5: LE2 | I5: USD | J5: 8340000
A6: Monthly | B6: 2026-09 | E6: NS | F6: Online | G6: Online Total | H6: IBP | I6: USD | J6: 6450000
A7: Monthly | B7: 2026-09 | E7: NS | F7: Online | G7: Online Total | H7: LE1 | I7: USD | J7: 3770000
A8: Monthly | B8: 2026-09 | E8: NS | F8: Online | G8: Online Total | H8: O&R | I8: USD | J8: 270000
A9: Monthly | B9: 2026-09 | E9: NS | F9: Online | G9: Online Total | H9: LE2 | I9: USD | J9: 4080000
A10: Monthly | B10: 2026-09 | E10: NS | F10: Online | G10: Coupang | H10: IBP | I10: USD | J10: 2661753
A11: Monthly | B11: 2026-09 | E11: NS | F11: Online | G11: Coupang | H11: LE1 | I11: USD | J11: 989583
A12: Monthly | B12: 2026-09 | E12: NS | F12: Online | G12: Coupang | H12: O&R | I12: USD | J12: 600000
A13: Monthly | B13: 2026-09 | E13: NS | F13: Online | G13: Coupang | H13: LE2 | I13: USD | J13: 1589583
... A59: Monthly | B59: 2026-09 | E59: NS | F59: Offline | G59: Dept Store | H59: LE2 | I59: USD | J59: 356753
A60: Weekly | B60: 2026-09 | C60: 46266 | D60: 46271 | E60: NS | F60: Total | G60: Total | H60: Actual | I60: USD | J60: 920000
A61: Weekly | B61: 2026-09 | C61: 46272 | D61: 46278 | E61: NS | F61: Total | G61: Total | H61: Actual | I61: USD | J61: 1770000
A62: Weekly | B62: 2026-09 | C62: 46279 | D62: 46285 | E62: NS | F62: Total | G62: Total | H62: LE | I62: USD | J62: 2000000
A63: Weekly | B63: 2026-09 | C63: 46286 | D63: 46292 | E63: NS | F63: Total | G63: Total | H63: LE | I63: USD | J63: 1820000
A64: Weekly | B64: 2026-09 | C64: 46293 | D64: 46295 | E64: NS | F64: Total | G64: Total | H64: LE | I64: USD | J64: 1080000
A65: Weekly | B65: 2026-09 | C65: 46266 | D65: 46271 | E65: NS | F65: Online | G65: Coupang | H65: Actual | I65: USD | J65: 150000
A66: Weekly | B66: 2026-09 | C66: 46272 | D66: 46278 | E66: NS | F66: Online | G66: Coupang | H66: Actual | I66: USD | J66: 330000
A67: Weekly | B67: 2026-09 | C67: 46266 | D67: 46271 | E67: NS | F67: Online | G67: Naver | H67: Actual | I67: USD | J67: 160000
A68: Weekly | B68: 2026-09 | C68: 46272 | D68: 46278 | E68: NS | F68: Online | G68: Naver | H68: Actual | I68: USD | J68: 400000
A69: Weekly | B69: 2026-09 | C69: 46266 | D69: 46271 | E69: NS | F69: Online | G69: DTC | H69: Actual | I69: USD | J69: 20000
A70: Weekly | B70: 2026-09 | C70: 46272 | D70: 46278 | E70: NS | F70: Online | G70: DTC | H70: Actual | I70: USD | J70: 50000
A71: Weekly | B71: 2026-09 | C71: 46286 | D71: 46292 | E71: NS | F71: Online | G71: DTC | H71: LE | I71: USD | J71: 50000
... A98: Weekly | B98: 2026-09 | C98: 46272 | D98: 46278 | E98: NS | F98: Offline | G98: Dept Store | H98: Actual | I98: USD | J98: 50000
A99: Monthly | B99: 2026-10 | E99: NS | F99: Total | G99: Total | H99: Target | I99: USD | J99: 14423508
A100: Monthly | B100: 2026-10 | E100: NS | F100: Online | G100: Online Total | H100: Target | I100: USD | J100: 7441780
A101: Monthly | B101: 2026-10 | E101: NS | F101: Online | G101: Coupang | H101: Target | I101: USD | J101: 3049205
A102: Monthly | B102: 2026-10 | E102: NS | F102: Online | G102: Naver | H102: Target | I102: USD | J102: 2032065
A103: Monthly | B103: 2026-10 | E103: NS | F103: Online | G103: DTC | H103: Target | I103: USD | J103: 392873
A104: Monthly | B104: 2026-10 | E104: NS | F104: Online | G104: other Online malls | H104: Target | I104: USD | J104: 358593
A105: Monthly | B105: 2026-10 | E105: NS | F105: Online | G105: Group Buying | H105: Target | I105: USD | J105: 1609044
A106: Monthly | B106: 2026-10 | E106: NS | F106: TVHS | G106: TVHS and PP Total | H106: Target | I106: USD | J106: 2420093
A107: Monthly | B107: 2026-10 | E107: NS | F107: TVHS | G107: TVHS | H107: Target | I107: USD | J107: 2046064
A108: Monthly | B108: 2026-10 | E108: NS | F108: TVHS | G108: PP | H108: Target | I108: USD | J108: 374029
A109: Monthly | B109: 2026-10 | E109: NS | F109: Offline | G109: Offline Total | H109: Target | I109: USD | J109: 4561637
A110: Monthly | B110: 2026-10 | E110: NS | F110: Offline | G110: Costco | H110: Target | I110: USD | J110: 1597034
... A200: Monthly | B200: 2026-12 | E200: NS | F200: Offline | G200: Traders | H200: IBP | I200: USD | J200: 242701.27
